Date,Open,High,Low,Close,Volume,Dividends,Stock Splits,return_1d,return_5d,ma20,ma50,dist_ma20,rsi,volume_ratio,target
2025-12-18 00:00:00+07:00,3614.0873015873017,3681.5502645502647,3614.0873015873017,3643.0,262527300,0.0,0.0,0.007999971898161595,0.04419885597889617,3595.7759521484377,3657.4563623046874,0.013133200866796623,58.33334388841672,1.0586609146560637,0
2025-12-19 00:00:00+07:00,3662.2752481556695,3671.9128145981845,3623.72498238561,3633.362548828125,228583500,0.0,0.0,-0.0026454710875308818,0.03856752137324726,3586.620263671875,3658.2273681640627,0.013032404246887496,58.33334388841672,0.9007279459254693,0
2025-12-22 00:00:00+07:00,3633.3624196154005,3642.999985715176,3614.0872874158495,3623.724853515625,161680300,0.0,0.0,-0.0026525553624172638,-0.005291009191428775,3576.018933105469,3660.1548828125,0.013340511138940622,54.385958674743925,0.6499832841076166,1
2025-12-23 00:00:00+07:00,3623.72498238561,3643.0001152706395,3594.812283058065,3633.362548828125,138427000,0.0,0.0,0.0026596101255176308,0.02168023243001782,3573.1276733398436,3664.3954150390623,0.016857745089186582,60.37738283977767,0.5870059973823536,0
2025-12-24 00:00:00+07:00,3633.362548828125,3652.6376817131545,3614.087415943095,3633.362548828125,121073600,0.0,0.0,0.0,0.005333337116273151,3572.163916015625,3669.5997021484377,0.017132089750450358,58.00001215945915,0.5323053043083814,1
2025-12-29 00:00:00+07:00,3643.0,3652.6375661375664,3623.724867724868,3643.0,238061500,0.0,0.0,0.0026524881682901125,0.0,3574.0914306640625,3674.418486328125,0.019280024216709633,63.82979984854569,1.0571963795848431,1
2025-12-30 00:00:00+07:00,3690.0,3690.0,3650.0,3660.0,274402200,137.0,0.0,0.004666483667307153,0.007331349628312278,3579.760217285156,3680.1555224609374,0.022414848438004224,63.64720756912416,1.240469280594162,0
2026-01-02 00:00:00+07:00,3660.0,3670.0,3620.0,3640.0,191985100,0.0,0.0,-0.005464480874316946,0.004491275453373689,3584.9108764648436,3682.023037109375,0.015366943679637856,60.12636678032122,0.8895440621661634,0
2026-01-05 00:00:00+07:00,3630.0,3660.0,3590.0,3630.0,230544800,0.0,0.0,-0.0027472527472527375,-0.0009254647129033344,3587.6340209960936,3682.1485400390625,0.011808890972703975,61.360782067355494,1.0800087142811736,1
2026-01-06 00:00:00+07:00,3630.0,3690.0,3630.0,3680.0,175820800,0.0,0.0,0.01377410468319562,0.012835892522456094,3595.266564941406,3684.4305517578123,0.02356805358602799,70.63791683158715,0.8333178901806526,1
2026-01-07 00:00:00+07:00,3680.0,3710.0,3660.0,3700.0,195024700,0.0,0.0,0.005434782608695565,0.01564644523744163,3602.453466796875,3684.7995458984374,0.027077805196428672,71.28038419980369,0.9300883877433691,1
2026-01-08 00:00:00+07:00,3710.0,3760.0,3700.0,3710.0,182019700,0.0,0.0,0.002702702702702675,0.013661202185792254,3612.0678833007814,3684.7902880859374,0.02711247957215195,59.88123734384137,0.8627467318946361,0
2026-01-09 00:00:00+07:00,3730.0,3740.0,3670.0,3680.0,143474700,0.0,0.0,-0.008086253369272267,0.01098901098901095,3619.218542480469,3683.9882763671876,0.016794083254744258,71.91695935059195,0.6769399447915927,1
2026-01-12 00:00:00+07:00,3680.0,3740.0,3660.0,3700.0,215159700,0.0,0.0,0.005434782608695565,0.019283746556473913,3626.8873291015625,3683.7790185546874,0.020158517280587446,67.57170534893939,1.011804520091103,1
2026-01-13 00:00:00+07:00,3700.0,3730.0,3670.0,3720.0,227620800,0.0,0.0,0.00540540540540535,0.010869565217391353,3636.519873046875,3683.1987548828124,0.02295604860346348,66.34470478247621,1.0567519092568904,0
2026-01-14 00:00:00+07:00,3740.0,3750.0,3700.0,3720.0,170097000,0.0,0.0,0.0,0.00540540540540535,3648.0799194335937,3682.23298828125,0.019714502465607377,69.17497263165176,0.8196579908281496,1
2026-01-15 00:00:00+07:00,3730.0,3850.0,3730.0,3820.0,407151300,0.0,0.0,0.026881720430107503,0.029649595687331498,3664.158093261719,3681.917958984375,0.04253143635501695,81.02917644116428,1.8558156411325741,1
2026-01-19 00:00:00+07:00,3850.0,3900.0,3810.0,3840.0,359652500,0.0,0.0,0.005235602094240788,0.04347826086956519,3674.008093261719,3680.84642578125,0.045180060175348306,81.63101022716826,1.6219557114237722,1
2026-01-20 00:00:00+07:00,3840.0,3880.0,3820.0,3850.0,170245800,0.0,0.0,0.0026041666666667407,0.04054054054054057,3688.6949951171873,3681.324150390625,0.04372955885383203,82.17667113652006,0.7796750261798663,0
2026-01-21 00:00:00+07:00,3850.0,3850.0,3800.0,3820.0,273678200,0.0,0.0,-0.007792207792207795,0.026881720430107503,3698.990625,3681.00912109375,0.03271416104224381,74.78991596638656,1.2533261067855246,0
2026-01-22 00:00:00+07:00,3850.0,3850.0,3790.0,3810.0,153742700,0.0,0.0,-0.002617801047120394,0.024193548387096753,3707.340625,3680.10859375,0.02769083971074284,71.42857142857143,0.722060129964314,1
2026-01-23 00:00:00+07:00,3810.0,3850.0,3760.0,3850.0,164603900,0.0,0.0,0.01049868766404205,0.007853403141361293,3718.172497558594,3680.393564453125,0.03545491838476185,78.37837837837839,0.7848621885458944,0
2026-01-26 00:00:00+07:00,3840.0,3850.0,3800.0,3850.0,120002700,0.0,0.0,0.0,0.0026041666666667407,3729.4862548828123,3681.642294921875,0.03231376572561586,80.55555555555556,0.5779379047144874,0
2026-01-27 00:00:00+07:00,3850.0,3850.0,3780.0,3820.0,157633200,0.0,0.0,-0.007792207792207795,-0.007792207792207795,3738.8181274414064,3683.06203125,0.021713244611379086,70.58823529411765,0.7556730234737343,0
2026-01-28 00:00:00+07:00,3630.0,3780.0,3540.0,3590.0,726740400,0.0,0.0,-0.060209424083769614,-0.060209424083769614,3736.65,3679.689013671875,-0.039246383792969665,39.99999999999999,3.042243028634698,1
2026-01-29 00:00:00+07:00,3550.0,3780.0,3290.0,3780.0,781321200,0.0,0.0,0.052924791086351064,-0.007874015748031482,3743.5,3680.6942529296875,0.009750233738480033,54.794520547945204,2.9367891057364615,1
2026-01-30 00:00:00+07:00,3780.0,3890.0,3740.0,3810.0,532329000,0.0,0.0,0.007936507936507908,-0.010389610389610393,3751.0,3681.7212353515624,0.01572913889629432,58.9041095890411,1.9083831676940053,1
2026-02-02 00:00:00+07:00,3860.0,3880.0,3750.0,3830.0,334659200,0.0,0.0,0.005249343832020914,-0.0051948051948051965,3760.5,3682.3772119140626,0.018481584895625583,58.9041095890411,1.1698257297712533,0
2026-02-03 00:00:00+07:00,3860.0,3870.0,3760.0,3800.0,201224300,0.0,0.0,-0.007832898172323799,-0.005235602094240788,3769.0,3681.8549365234376,0.008224993366940834,55.4054054054054,0.7070174497327203,1
2026-02-04 00:00:00+07:00,3820.0,3880.0,3800.0,3870.0,251005600,0.0,0.0,0.018421052631578894,0.07799442896935926,3778.5,3682.1544091796877,0.02421595871377531,59.25925925925925,0.8704309851536569,0
2026-02-05 00:00:00+07:00,3850.0,3940.0,3840.0,3850.0,342757200,0.0,0.0,-0.0051679586563307955,0.0185185185185186,3786.0,3682.246630859375,0.016904384574749076,52.05479452054794,1.1589190148343758,0
2026-02-06 00:00:00+07:00,3800.0,3850.0,3770.0,3780.0,279127200,0.0,0.0,-0.018181818181818188,-0.007874015748031482,3789.5,3681.5171044921876,-0.002506927035228922,46.15384615384615,0.9285318687090071,0
2026-02-09 00:00:00+07:00,3790.0,3800.0,3710.0,3770.0,215606400,0.0,0.0,-0.002645502645502673,-0.015665796344647487,3794.0,3680.2020751953123,-0.0063257775434897206,44.871794871794876,0.7087235477240057,1
2026-02-10 00:00:00+07:00,3750.0,3790.0,3730.0,3780.0,181835800,0.0,0.0,0.0026525198938991412,-0.0052631578947368585,3798.0,3681.9783203125,-0.004739336492890996,47.368421052631575,0.601007325293011,1
2026-02-11 00:00:00+07:00,3790.0,3800.0,3740.0,3800.0,147378100,0.0,0.0,0.005291005291005346,-0.018087855297157618,3802.0,3684.92556640625,-0.0005260389268805891,49.350649350649356,0.4936635119928903,0
2026-02-12 00:00:00+07:00,3780.0,3790.0,3760.0,3790.0,185678800,0.0,0.0,-0.0026315789473684292,-0.01558441558441559,3805.5,3688.636572265625,-0.004073052161345421,45.945945945945944,0.6203381730191074,0
2026-02-13 00:00:00+07:00,3780.0,3800.0,3750.0,3780.0,144473700,0.0,0.0,-0.0026385224274406704,0.0,3803.5,3693.3040869140623,-0.006178519784409097,45.33333333333333,0.5048266103725042,1
2026-02-18 00:00:00+07:00,3780.0,3840.0,3760.0,3830.0,135223700,0.0,0.0,0.013227513227513255,0.01591511936339529,3803.0,3699.1643505859374,0.007099658164606889,50.649350649350644,0.49178807845139944,0
2026-02-19 00:00:00+07:00,3850.0,3850.0,3770.0,3770.0,154562300,0.0,0.0,-0.015665796344647487,-0.002645502645502673,3799.0,3703.0536083984375,-0.007633587786259542,65.0,0.5637273406390667,1
2026-02-20 00:00:00+07:00,3790.0,3870.0,3780.0,3840.0,191533500,0.0,0.0,0.018567639257294433,0.010526315789473717,3800.0,3709.3066259765624,0.010526315789473684,56.25,0.7091943593030369,1
2026-02-23 00:00:00+07:00,3880.0,3910.0,3860.0,3900.0,189611200,0.0,0.0,0.015625,0.029023746701847042,3804.5,3716.18138671875,0.025101853068734394,58.8235294117647,0.697445209737452,0
2026-02-24 00:00:00+07:00,3880.0,3890.0,3860.0,3870.0,191295900,0.0,0.0,-0.007692307692307665,0.023809523809523725,3805.5,3723.2271533203125,0.01694915254237288,53.846153846153854,0.7002046888950976,1
2026-02-25 00:00:00+07:00,3880.0,3980.0,3880.0,3970.0,263027700,0.0,0.0,0.025839793281653645,0.036553524804177506,3811.5,3731.8874169921874,0.04158467794831431,64.40677966101694,0.9382077952077398,0
2026-02-26 00:00:00+07:00,3970.0,3970.0,3920.0,3950.0,146158100,0.0,0.0,-0.005037783375314908,0.04774535809018565,3818.0,3739.954931640625,0.03457307490832897,57.407407407407405,0.5224084076964526,0
2026-02-27 00:00:00+07:00,3950.0,3950.0,3880.0,3910.0,263179300,0.0,0.0,-0.010126582278481067,0.01822916666666674,3834.0,3747.60794921875,0.0198226395409494,55.35714285714286,1.0256426544394626,0
2026-03-02 00:00:00+07:00,3840.0,3840.0,3800.0,3820.0,204655700,0.0,0.0,-0.023017902813299185,-0.02051282051282055,3836.0,3754.2319677734376,-0.004171011470281543,53.44827586206896,0.8985343672798417,0
2026-03-03 00:00:00+07:00,3820.0,3840.0,3770.0,3770.0,113600400,0.0,0.0,-0.01308900523560208,-0.025839793281653756,3834.0,3759.6632373046873,-0.016692749087115284,50.0,0.5492460572817623,0
2026-03-04 00:00:00+07:00,3770.0,3770.0,3660.0,3690.0,215656600,0.0,0.0,-0.021220159151193685,-0.07052896725440805,3827.0,3760.6032373046874,-0.035798275411549514,43.47826086956522,1.073561610233395,1
2026-03-05 00:00:00+07:00,3720.0,3780.0,3720.0,3750.0,96625300,0.0,0.0,0.016260162601626105,-0.05063291139240511,3824.5,3764.477998046875,-0.019479670545169303,46.57534246575342,0.49386907846104994,0
2026-03-06 00:00:00+07:00,3750.0,3750.0,3670.0,3670.0,136987800,0.0,0.0,-0.021333333333333315,-0.0613810741687979,3814.5,3765.59625,-0.0378817669419321,42.50000000000001,0.7211830076151863,0
2026-03-09 00:00:00+07:00,3590.0,3630.0,3560.0,3570.0,215587500,0.0,0.0,-0.027247956403269713,-0.06544502617801051,3800.5,3764.13625,-0.060649914484936195,38.20224719101124,1.1742862161797807,0
2026-03-10 00:00:00+07:00,3600.0,3610.0,3560.0,3560.0,175353400,0.0,0.0,-0.0028011204481792618,-0.0557029177718833,3789.5,3762.6689990234377,-0.06056207943000396,34.11764705882352,0.9829140507515741,1
2026-03-11 00:00:00+07:00,3580.0,3600.0,3560.0,3580.0,100862200,0.0,0.0,0.00561797752808979,-0.02981029810298108,3780.0,3761.794501953125,-0.05291005291005291,38.27160493827161,0.5841518530026609,0
2026-03-12 00:00:00+07:00,3580.0,3610.0,3570.0,3570.0,141366700,0.0,0.0,-0.0027932960893854997,-0.04800000000000004,3769.5,3760.5272509765623,-0.052924791086350974,32.0,0.8284456079534744,0
2026-03-13 00:00:00+07:00,3560.0,3590.0,3510.0,3510.0,159393900,0.0,0.0,-0.01680672268907568,-0.043596730245231585,3755.0,3758.06,-0.06524633821571238,24.0,0.9308124946329511,0
2026-03-16 00:00:00+07:00,3500.0,3510.0,3430.0,3480.0,160328700,0.0,0.0,-0.008547008547008517,-0.025210084033613467,3739.5,3754.8,-0.06939430405134377,24.0,0.9432532635250837,0
2026-03-17 00:00:00+07:00,3500.0,3530.0,3480.0,3480.0,204208500,0.0,0.0,0.0,-0.022471910112359605,3724.5,3751.2,-0.06564639548932742,12.307692307692307,1.1806626606750241,1
2026-03-25 00:00:00+07:00,3440.0,3540.0,3410.0,3540.0,379422800,0.0,0.0,0.01724137931034475,-0.011173184357541888,3710.0,3749.2,-0.04582210242587601,20.28985507246378,2.0490414596787967,0
2026-03-26 00:00:00+07:00,3540.0,3570.0,3480.0,3490.0,162060500,0.0,0.0,-0.01412429378531077,-0.022408963585434205,3696.0,3746.4,-0.055735930735930736,20.0,0.8734259309636163,0
2026-03-27 00:00:00+07:00,3460.0,3490.0,3420.0,3420.0,207067900,0.0,0.0,-0.02005730659025784,-0.02564102564102566,3675.0,3741.2,-0.06938775510204082,20.588235294117652,1.1113413272325852,0
2026-03-30 00:00:00+07:00,3350.0,3390.0,3330.0,3360.0,317467700,0.0,0.0,-0.01754385964912286,-0.03448275862068961,3648.0,3734.4,-0.07894736842105263,20.28985507246378,1.6473401467335267,0
2026-03-31 00:00:00+07:00,3350.0,3400.0,3330.0,3330.0,298589200,0.0,0.0,-0.008928571428571397,-0.0431034482758621,3621.0,3726.8,-0.08036454018227009,21.875,1.5074172432203463,1
2026-04-01 00:00:00+07:00,3400.0,3440.0,3330.0,3350.0,279604500,0.0,0.0,0.006006006006006093,-0.053672316384180796,3590.0,3720.2,-0.06685236768802229,16.666666666666657,1.405691707962595,0
2026-04-02 00:00:00+07:00,3340.0,3390.0,3320.0,3320.0,242569200,0.0,0.0,-0.008955223880596996,-0.04871060171919772,3558.5,3712.6,-0.06702262189124632,18.181818181818187,1.1906441186517076,0
2026-04-06 00:00:00+07:00,3340.0,3360.0,3290.0,3310.0,184143400,0.0,0.0,-0.003012048192771122,-0.032163742690058506,3528.5,3704.4,-0.061924330452033445,21.73913043478261,0.9217420001477142,0
2026-04-07 00:00:00+07:00,3310.0,3320.0,3220.0,3230.0,273842700,0.0,0.0,-0.024169184290030232,-0.038690476190476164,3499.0,3694.6,-0.0768791083166619,18.867924528301884,1.3474061027634519,1
2026-04-08 00:00:00+07:00,3340.0,3370.0,3330.0,3340.0,416112900,0.0,0.0,0.034055727554179516,0.0030030030030030463,3477.5,3685.0,-0.039539899352983465,30.645161290322577,1.9056054341181274,0
2026-04-09 00:00:00+07:00,3310.0,3330.0,3260.0,3280.0,319141400,0.0,0.0,-0.017964071856287456,-0.020895522388059695,3457.0,3673.8,-0.051200462829042524,28.358208955223873,1.4276905893038376,1
2026-04-10 00:00:00+07:00,3290.0,3400.0,3290.0,3390.0,353451500,0.0,0.0,0.03353658536585358,0.02108433734939763,3439.0,3664.6,-0.014248328002326258,41.666666666666664,1.4952801046052824,0
